,name,address,start_time,end_time,start_time_saturday,end_time_saturday,start_time_holiday,end_time_holiday,fee,longitude,latitude
0,本店営業部,京都府京都市下京区烏丸通松原上ル薬師前町700,8:00,21:00,8:00,21:00,8:00,21:00,110,135.759583,34.992943
1,京都府立医科大学病院,京都府京都市上京区河原町通広小路上る梶井町465番地,7:30,20:00,7:30,20:00,-,-,110,135.756714,35.029552
2,高倉錦,京都府京都市中京区錦小路通高倉西入西魚屋町592番地1,8:00,20:00,8:00,20:00,8:00,20:00,110,135.762504,35.005139
3,京都市立病院,京都府京都市中京区壬生東高田町 1番地の2,9:00,18:00,9:00,18:00,-,-,110,135.73465,34.997562
4,京都新聞社,京都府京都市中京区烏丸通夷川北入少将井町239番地,8:00,20:00,8:00,20:00,8:00,20:00,110,135.758133,35.007889
5,府立大学,京都府京都市左京区下鴨半木町1番5,8:45,20:00,8:45,20:00,-,-,110,135.75975,35.050365
6,京都第一赤十字病院,京都府京都市東山区本町15丁目 749番地,8:45,19:00,8:45,19:00,-,-,110,135.772827,34.980305
7,京都第二赤十字病院,京都府京都市上京区釜座通丸太町上る春帯町355-5,8:45,19:00,8:45,19:00,8:45,19:00,110,135.756714,35.029552
8,四条烏丸,京都府京都市下京区烏丸通四条下る水銀屋町612番地,7:00,23:00,7:00,23:00,7:00,23:00,110,135.759583,34.992943
9,府庁出張所,京都府京都市上京区下立売通新町西入藪ノ内町85-4　京都府庁内,8:00,18:00,-,-,-,-,110,135.755316,35.020933
10,四条支店,京都府京都市下京区四条通寺町西入ル奈良物町376,7:00,23:00,7:00,23:00,7:00,23:00,110,135.766422,35.003555
11,高島屋京都店,京都府京都市下京区四条通河原町西入真町52番地,10:00,20:00,10:00,20:00,10:00,20:00,110,135.768719,35.003116
12,七条支店,京都府京都市下京区七条通大宮東入ル大工町107,8:00,21:00,8:00,21:00,8:00,21:00,110,135.749778,34.989303
13,京都駅前支店,京都府京都市下京区烏丸通七条下ル東塩小路町731,8:00,21:00,8:00,21:00,8:00,21:00,110,135.759583,34.992943
14,ジェイアール京都伊勢丹,京都府京都市下京区烏丸通塩小路下る東塩小路町,10:00,20:00,10:00,20:00,10:00,20:00,110,135.759583,34.992943
15,ＪＲ京都駅,京都府京都市下京区烏丸通塩小路下ル東塩小路町,7:00,23:00,7:00,23:00,7:00,23:00,110,135.759583,34.992943
16,地下鉄京都駅,京都府京都市下京区東塩小路町地先,7:00,23:00,7:00,23:00,7:00,23:00,110,135.758743,34.987183
17,河原町支店,京都府京都市下京区河原町通五条上る安土町612番地,8:00,21:00,8:00,21:00,8:00,21:00,110,135.755478,34.987606
18,大宮支店,京都府京都市下京区四条通猪熊東入ル唐津屋町510,7:00,23:00,7:00,23:00,7:00,23:00,110,135.750553,35.003761
19,マツモト五条店,京都府京都市下京区中堂寺北町７０,7:30,21:00,7:30,21:00,7:30,21:00,110,135.741135,34.997444
20,三条支店,京都府京都市中京区三条通烏丸東入ル梅忠町9,7:00,23:00,7:00,23:00,7:00,23:00,110,135.75993,35.008463
21,河原町六角,京都府京都市中京区河原町通三条下ル二丁目山崎町256番地,8:00,21:00,8:00,21:00,8:00,21:00,110,135.751389,35.009998
22,地下鉄烏丸御池駅,京都府京都市中京区虎屋町地先,7:00,23:00,7:00,23:00,7:00,23:00,110,135.759521,35.010387
23,府庁前支店,京都府京都市中京区丸太町通西洞院東入る梅屋町166,7:00,23:00,7:00,23:00,7:00,23:00,110,135.752548,35.017426
24,デイリーカナートイズミヤ堀川丸太町店,京都府京都市上京区堀川通丸太町下る下堀川町146番地,9:00,23:00,9:00,23:00,9:00,23:00,110,135.751341,35.016873
25,西院支店,京都府京都市右京区西院平町14番,7:00,23:00,7:00,23:00,7:00,23:00,110,135.732422,35.00079
26,壬生檜町,京都府京都市中京区壬生檜町6番地,8:45,20:00,8:45,20:00,8:45,20:00,110,135.734283,34.999638
27,イオンモール京都五条,京都府京都市右京区西院追分町２５番地１,7:00,23:00,7:00,23:00,7:00,23:00,110,135.727249,34.997326
28,京都リサーチパーク,京都府京都市下京区中堂寺粟田町 93,8:00,20:00,8:00,20:00,8:00,20:00,110,135.738541,34.99498
29,西七条支店,京都府京都市下京区西七条北衣田町49番地2,8:00,21:00,8:00,21:00,8:00,21:00,110,135.732697,34.989784
30,西四条支店,京都府京都市右京区山ノ内池尻町1-1,8:00,21:00,8:00,21:00,8:00,21:00,110,135.720474,35.004738
31,京都市役所前支店,京都府京都市中京区寺町通御池上る上本能寺前町486番地2 ジオグランデ寺町御池1階・2階,8:00,21:00,8:00,21:00,8:00,21:00,110,135.751389,35.009998
32,ゼスト御池,京都府京都市中京区御池通寺町東入下本能寺前町492-1ゼスト御池,7:00,23:00,7:00,23:00,7:00,23:00,110,135.767852,35.010875
33,円町支店,京都府京都市中京区西ノ京円町26,8:00,21:00,8:00,21:00,8:00,21:00,110,135.732895,35.01886
34,二条駅前支店,京都府京都市中京区西ノ京東栂尾町６番地,7:00,23:00,7:00,23:00,7:00,23:00,110,135.742142,35.010944
35,千本丸太町,京都府京都市中京区聚楽廻り東町 2番地,8:00,21:00,8:00,21:00,8:00,21:00,110,135.742122,35.018119
36,聖護院支店,京都府京都市左京区岡崎徳成町27,8:00,21:00,8:00,21:00,8:00,21:00,110,135.778137,35.016048
37,京都大学医学部附属病院,京都府京都市左京区聖護院川原町54,8:30,20:00,8:30,20:00,8:30,20:00,110,135.777176,35.020184
38,西陣支店,京都府京都市上京区千本通元誓願寺上る南辻町365,8:00,21:00,8:00,21:00,8:00,21:00,110,135.756714,35.029552
39,銀閣寺支店,京都府京都市左京区淨土寺東田町57,8:00,21:00,8:00,21:00,8:00,21:00,110,135.791901,35.027691
40,東一条,京都府京都市左京区吉田牛ノ宮町 4番地,8:00,20:00,8:00,20:00,8:00,20:00,110,135.777756,35.024956
41,下鴨支店,京都府京都市左京区下鴨本町25,8:00,21:00,8:00,21:00,8:00,21:00,110,135.771469,35.043732
42,地下鉄松ヶ崎駅,京都府京都市左京区松ヶ崎六ノ坪地先,7:00,23:00,7:00,23:00,7:00,23:00,110,135.777294,35.051427
43,北山,京都府京都市北区上賀茂岩ヶ垣内町92,7:00,23:00,7:00,23:00,7:00,23:00,110,135.765503,35.051552
44,高野支店,京都府京都市左京区高野東開町21,8:00,21:00,8:00,21:00,8:00,21:00,110,135.782318,35.041149
45,イズミヤ高野店,京都府京都市左京区高野東開町16番地,8:00,20:00,8:00,20:00,8:00,20:00,110,135.781189,35.041153
46,洛北阪急スクエア,京都府京都市左京区高野西開町36番地,10:00,21:00,10:00,21:00,10:00,21:00,110,135.779327,35.040871
47,百万遍,京都府京都市左京区田中飛鳥井町64番地,8:00,21:00,8:00,21:00,8:00,21:00,110,135.780426,35.032375
48,出町支店,京都府京都市上京区今出川通寺町東入大宮町326番地,8:00,21:00,8:00,21:00,8:00,21:00,110,135.769264,35.028209
49,出町商店街,京都府京都市上京区出町今出川上ル青竜町224番地,8:00,21:00,8:00,21:00,8:00,21:00,110,135.769592,35.019176
50,修学院支店,京都府京都市左京区山端壱町田町6-3,8:00,21:00,8:00,21:00,8:00,21:00,110,135.790634,35.050919
51,百万遍支店,京都府京都市左京区高野東開町21（高野支店内）,8:00,21:00,8:00,21:00,8:00,21:00,110,135.782318,35.041149
52,三宅八幡支店,京都府京都市左京区岩倉三宅町364-20,8:00,21:00,8:00,21:00,8:00,21:00,110,135.792465,35.067242
53,岩倉,京都府京都市左京区岩倉忠在地町267番地,8:00,20:00,8:00,20:00,8:00,20:00,110,135.787674,35.072224
54,宝ヶ池,京都府京都市左京区岩倉東五田町9,7:00,23:00,7:00,23:00,7:00,23:00,110,135.781876,35.064758
55,常盤支店,京都府京都市右京区常盤馬塚町15-8,8:00,21:00,8:00,21:00,8:00,21:00,110,135.705338,35.021248
56,マツモト新丸太町店,京都府京都市右京区常盤東ノ町26-5,9:00,22:00,9:00,22:00,9:00,22:00,110,135.709122,35.020546
57,帷子ノ辻支店,京都府京都市右京区太秦帷子ケ辻町35-9,8:00,21:00,8:00,21:00,8:00,21:00,110,135.700485,35.015034
58,京都民医連中央病院前,京都府京都市右京区太秦棚森町１８－１,8:00,21:00,8:00,21:00,8:00,21:00,110,135.70546,35.008392
59,嵯峨支店,京都府京都市右京区嵯峨天竜寺今堀町22-6,8:00,21:00,8:00,21:00,8:00,21:00,110,135.681946,35.016777
60,鹿王院,京都府京都市右京区嵯峨北堀町20-102,8:00,21:00,8:00,21:00,8:00,21:00,110,135.683456,35.017822
61,桂支店,京都府京都市西京区桂野里町35-5,8:00,21:00,8:00,21:00,8:00,21:00,110,135.703842,34.980286
62,桂東,京都府京都市西京区桂野里町41-11,8:00,21:00,8:00,21:00,8:00,21:00,110,135.704865,34.980606
63,上桂支店,京都府京都市西京区山田中吉見町15-1,8:00,21:00,8:00,21:00,8:00,21:00,110,135.691986,34.981434
64,マツモト上桂店,京都府京都市西京区桂畑ケ田町67,9:00,22:00,9:00,22:00,9:00,22:00,110,135.703232,34.992687
65,太秦安井支店,京都府京都市右京区太秦安井馬塚町18-8,8:00,21:00,8:00,21:00,8:00,21:00,110,135.720734,35.014774
66,地下鉄太秦天神川駅,京都府京都市右京区太秦下刑部町　地先,7:00,23:00,7:00,23:00,7:00,23:00,110,135.714951,35.010574
67,マツモト西小路御池店,京都府京都市中京区西ノ京桑原町 3,9:00,22:00,9:00,22:00,9:00,22:00,110,135.727463,35.009541
68,西京極支店,京都府京都市右京区西京極西池田町13-3,7:00,23:00,7:00,23:00,7:00,23:00,110,135.71936,34.992054
69,西京極コープパリティ,京都府京都市右京区西京極東池田町42番地,8:00,20:00,8:00,20:00,8:00,20:00,110,135.722015,34.991982
70,光華女子学園,京都府京都市右京区西京極葛野町38番地,7:00,21:00,7:00,21:00,7:00,21:00,110,135.718384,34.996956
71,堀場製作所前,京都府京都市南区吉祥院宮の東町 2番地,8:00,20:00,8:00,20:00,-,-,110,135.723663,34.983547
72,洛西支店,京都府京都市西京区大原野東境谷町2-5-2,8:00,21:00,8:00,21:00,8:00,21:00,110,135.6763,34.963066
73,桂坂口,京都府京都市西京区大枝塚原町9番2７,8:00,20:00,8:00,20:00,8:00,20:00,110,135.668457,34.974697
74,デイリーカナートイズミヤ桂坂店,京都府京都市西京区御陵大枝山町5丁目27-5,9:00,21:00,9:00,21:00,9:00,21:00,110,135.666245,34.983322
75,コープらくさい,京都府京都市西京区大枝東長町 1番地,8:45,20:00,8:45,20:00,8:45,20:00,110,135.676712,34.967754
76,洛西境谷センター,京都府京都市西京区大原野西境谷町2丁目14番地1,8:00,20:00,8:00,20:00,8:00,20:00,110,135.668976,34.962212
77,松尾支店,京都府京都市西京区嵐山宮ノ前町46-12,8:00,21:00,8:00,21:00,8:00,21:00,110,135.687683,35.000137
78,フレンドマート梅津店,京都府京都市右京区梅津中村町37番地,9:30,21:45,9:30,21:45,9:30,21:45,110,135.700272,35.001892
79,西桂支店,京都府京都市西京区桂南巽町135,7:00,23:00,7:00,23:00,7:00,23:00,110,135.701111,34.979782
80,樫原,京都府京都市西京区樫原井戸17番地,8:00,20:00,8:00,20:00,8:00,20:00,110,135.694366,34.9697
81,白梅町支店,京都府京都市北区北野下白梅町41番地,8:00,21:00,8:00,21:00,8:00,21:00,110,135.730698,35.026527
82,立命館大学衣笠,京都府京都市北区等持院北町56番地の1,8:45,19:00,8:45,19:00,-,-,110,135.723343,35.033199
83,紫野支店,京都府京都市北区紫野宮西町16-2,8:00,21:00,8:00,21:00,8:00,21:00,110,135.751511,35.038853
84,新大宮商店街,京都府京都市北区紫竹西高縄町 7番地の1,8:00,20:00,8:00,20:00,8:00,20:00,110,135.748352,35.045891
85,北大路大宮,京都府京都市北区紫野雲林院町22番地の7,8:00,21:00,8:00,21:00,8:00,21:00,110,135.748199,35.040318
86,イオンモール北大路,京都府京都市北区小山北上総町49-1,10:00,21:00,10:00,21:00,10:00,21:00,110,135.758087,35.044804
87,佛教大学,京都府京都市北区紫野北花ノ坊町96,9:00,21:00,9:00,21:00,9:00,21:00,110,135.737289,35.043476
88,鞍馬口支店,京都府京都市北区小山下総町53-2,8:00,21:00,8:00,21:00,8:00,21:00,110,135.759155,35.03825
89,烏丸今出川,京都府京都市上京区烏丸通今出川上る西入岡松町271,7:00,23:00,7:00,23:00,7:00,23:00,110,135.758888,35.029551
90,上堀川支店,京都府京都市北区紫竹下本町24,8:00,21:00,8:00,21:00,8:00,21:00,110,135.751175,35.050224
91,京都産業大学,京都府京都市北区上賀茂本山,8:45,19:00,8:45,19:00,-,-,110,135.754211,35.066345
92,大宮御薗橋,京都府京都市北区大宮北椿原町 7番地2,8:00,20:00,8:00,20:00,8:00,20:00,110,135.747787,35.056789
93,金閣寺支店,京都府京都市北区衣笠北天神森町28番地,8:00,21:00,8:00,21:00,8:00,21:00,110,135.732849,35.038605
94,原谷,京都府京都市北区大北山原谷乾町90番地,8:45,20:00,8:45,20:00,-,-,110,135.717056,35.04435
95,紫竹支店,京都府京都市北区紫竹下本町24（上堀川支店内）,8:00,21:00,8:00,21:00,8:00,21:00,110,135.751175,35.050224
96,紫竹,京都府京都市北区紫野西泉堂町3番地1,8:00,21:00,8:00,21:00,8:00,21:00,110,135.740677,35.048969
97,九条支店,京都府京都市南区東寺東門前町1,8:00,21:00,8:00,21:00,8:00,21:00,110,135.749512,34.980202
98,九条千本,京都府京都市南区唐橋羅城門町5-1,8:00,21:00,8:00,21:00,8:00,21:00,110,135.742065,34.978607
99,上鳥羽センター,京都府京都市南区上鳥羽南塔ノ本町25番地,8:00,20:00,8:00,20:00,-,-,110,135.751205,34.965141
100,イオン洛南店,京都府京都市南区吉祥院御池町31番地,9:00,23:00,9:00,23:00,9:00,23:00,110,135.735428,34.975109
101,吉祥院支店,京都府京都市南区吉祥院這登西町49,8:00,21:00,8:00,21:00,8:00,21:00,110,135.727478,34.970154
102,マツモト洛南店,京都府京都市南区吉祥院観音堂町19,9:00,22:00,9:00,22:00,9:00,22:00,110,135.731506,34.966747
103,東九条支店,京都府京都市南区東九条西札ノ辻町46,8:00,21:00,8:00,21:00,8:00,21:00,110,135.761261,34.976093
104,イオンモールＫＹＯＴＯ,京都府京都市南区西九条鳥居口町1,9:00,21:00,9:00,21:00,9:00,21:00,110,135.754532,34.982719
105,久世支店,京都府京都市南区久世殿城町32,8:00,21:00,8:00,21:00,8:00,21:00,110,135.716599,34.957733
106,マツモト向日店,京都府向日市森本町高田5-1,9:00,22:00,9:00,22:00,9:00,22:00,110,135.715744,34.947243
107,マツモト桂川店,京都府京都市南区久世築山町130-1,9:00,22:00,9:00,22:00,9:00,22:00,110,135.722931,34.955563
108,東山支店,京都府京都市東山区広道通松原上ル辰巳町105,8:00,21:00,8:00,21:00,8:00,21:00,110,135.776398,34.997093
109,山科支店,京都府京都市山科区竹鼻竹の街道町24,8:00,21:00,8:00,21:00,8:00,21:00,110,135.817581,34.98951
110,京都薬科大学,京都府京都市山科区御陵中内町 5番地,9:00,18:00,9:00,18:00,-,-,110,135.809723,34.990833
111,洛和会音羽病院,京都府京都市山科区音羽八ノ坪53番地1,8:45,19:00,8:45,19:00,-,-,110,135.828918,34.987831
112,マツヤスーパー山科三条店,京都府京都市山科区竹鼻地蔵寺南町9-1,8:30,21:50,8:30,21:50,8:30,21:50,110,135.814453,34.986607
113,ラクト山科,京都府京都市山科区竹鼻竹ノ街道町91,7:30,23:00,7:30,23:00,7:30,23:00,110,135.816864,34.990334
114,山科中央支店,京都府京都市山科区椥ノ辻池尻町14-1,8:00,21:00,8:00,21:00,8:00,21:00,110,135.81443,34.972328
115,福田金属前,京都府京都市山科区西野山中臣町13番の3,8:00,20:00,8:00,20:00,8:00,20:00,110,135.802979,34.973873
116,東野,京都府京都市山科区東野門口町27番の3,8:00,20:00,8:00,20:00,8:00,20:00,110,135.815659,34.979546
117,西山科支店,京都府京都市山科区西野八幡田町28-3,8:00,21:00,8:00,21:00,8:00,21:00,110,135.80304,34.987583
118,山科小野支店,京都府京都市山科区小野鐘付田町122,8:00,21:00,8:00,21:00,8:00,21:00,110,135.812561,34.961773
119,四条室町,京都府京都市下京区四条通室町東入函谷鉾町78番地,7:30,23:00,7:30,23:00,7:30,23:00,110,135.758426,35.003175
120,下鳥羽支店,京都府京都市伏見区中島堀端町101,8:00,21:00,8:00,21:00,8:00,21:00,110,135.74881,34.946487
121,地下鉄竹田駅,京都府京都市伏見区竹田桶ノ井町地先,7:00,23:00,7:00,23:00,7:00,23:00,110,135.757187,34.955925
122,稲荷支店,京都府京都市伏見区深草稲荷中之町41,8:00,21:00,8:00,21:00,8:00,21:00,110,135.771133,34.96846
123,マツモト伏見店,京都府京都市伏見区竹田中島町100,8:00,21:00,8:00,21:00,8:00,21:00,110,135.759338,34.962685
124,伏見支店,京都府京都市伏見区東大手町766-3,7:00,23:00,7:00,23:00,7:00,23:00,110,135.76152,34.933212
125,桃山南口,京都府京都市伏見区桃山町養斎16番地,8:00,20:00,8:00,20:00,8:00,20:00,110,135.785706,34.929508
126,西友下鳥羽店,京都府京都市伏見区下鳥羽長田町40番地,7:30,21:00,7:30,21:00,7:30,21:00,110,135.743652,34.93964
127,淀支店,京都府京都市伏見区淀池上町159-2,8:00,21:00,8:00,21:00,8:00,21:00,110,135.720428,34.905109
128,淀南,京都府久世郡久御山町大字大橋辺小字大橋9の1番,8:45,20:00,8:45,20:00,8:45,20:00,110,135.717636,34.897652
129,墨染支店,京都府京都市伏見区深草北新町633,8:00,21:00,8:00,21:00,8:00,21:00,110,135.769943,34.948357
130,カナートモール伏見,京都府京都市伏見区深草出羽屋敷町23,9:00,21:45,9:00,21:45,9:00,21:45,110,135.763763,34.947048
131,小栗栖出張所,京都府京都市伏見区小栗栖南後藤町6,8:00,21:00,8:00,21:00,8:00,21:00,110,135.802063,34.943802
132,向島支店,京都府京都市伏見区向島四ツ谷池14-19,8:00,21:00,8:00,21:00,8:00,21:00,110,135.773743,34.918533
133,ベルファ宇治槇島店,京都府宇治市槇島町清水48番地,10:00,20:00,10:00,20:00,10:00,20:00,110,135.782806,34.916378
134,近鉄向島駅前,京都府京都市伏見区向島二ノ丸町384-1,7:00,23:00,7:00,23:00,7:00,23:00,110,135.770187,34.914833
135,マツモト宇治西店,京都府宇治市槇島町18-47,9:00,22:00,9:00,22:00,9:00,22:00,110,135.782425,34.910858
136,藤森支店,京都府京都市伏見区深草北新町633（墨染支店内）,8:00,21:00,8:00,21:00,8:00,21:00,110,135.769943,34.948357
137,桂川支店,京都府向日市寺戸町八ノ坪117-2,8:00,21:00,8:00,21:00,8:00,21:00,110,135.70546,34.963173
138,藤森,京都府京都市伏見区深草直違橋二丁目438番地2,8:00,21:00,8:00,21:00,8:00,21:00,110,135.770828,34.95472
139,ダイエー桂南店,京都府京都市南区久世上久世町 485番地,8:00,22:00,8:00,22:00,8:00,22:00,110,135.717224,34.967133
140,イオンモール京都桂川,京都府京都市南区久世高田町３７６番１,8:00,23:00,8:00,23:00,8:00,23:00,110,135.707932,34.963566
141,長岡京駅前支店,京都府長岡京市神足2-7-25,8:00,21:00,8:00,21:00,8:00,21:00,110,135.697937,34.921841
142,阪急西山天王山駅前,京都府長岡京市友岡四丁目21番13号,7:00,23:00,7:00,23:00,7:00,23:00,110,135.689545,34.91333
143,長岡今里支店,京都府長岡京市今里3-3-10,8:00,21:00,8:00,21:00,8:00,21:00,110,135.688217,34.93486
144,松井山手支店,京都府京田辺市山手南2-2-1,8:00,21:00,8:00,21:00,8:00,21:00,110,135.728409,34.832031
145,ホームセンタームサシ京都八幡店,京都府八幡市欽明台北3-1,9:00,20:00,9:00,20:00,9:00,20:00,110,135.719513,34.841377
146,八幡中央支店,京都府八幡市八幡沓田10-5,8:00,21:00,8:00,21:00,8:00,21:00,110,135.706665,34.874405
147,八幡市役所,京都府八幡市八幡園内75番地,8:45,20:00,8:45,20:00,-,-,110,135.707626,34.875523
148,イズミヤ八幡店,京都府八幡市八幡一ノ坪２３-１,9:30,21:00,9:30,21:00,9:30,21:00,110,135.712051,34.860188
149,京阪石清水八幡宮駅,京都府八幡市八幡高坊9番2,8:00,21:00,8:00,21:00,8:00,21:00,110,135.700012,34.884846
150,三山木支店,京都府京田辺市田辺中央3-7-1（田辺支店内）,8:00,21:00,8:00,21:00,8:00,21:00,110,135.77002,34.81926
151,三山木,京都府京田辺市三山木中央6丁目5番地16,8:00,21:00,8:00,21:00,8:00,21:00,110,135.782135,34.799492
152,宇治田原支店,京都府綴喜郡宇治田原町大字郷之口小字中林2,8:00,21:00,8:00,21:00,8:00,21:00,110,135.853775,34.849884
153,三室戸支店,京都府宇治市菟道谷下り42,8:00,21:00,8:00,21:00,8:00,21:00,110,135.80864,34.899033
154,アル・プラザ宇治東,京都府宇治市菟道平町28番地1,10:00,21:00,10:00,21:00,10:00,21:00,110,135.80304,34.902111
155,東長岡支店,京都府長岡京市馬場見場走り12-7,8:00,21:00,8:00,21:00,8:00,21:00,110,135.706345,34.926575
156,万代はづかし店,京都府京都市伏見区羽束師志水町177-1,7:30,22:00,7:30,22:00,7:30,22:00,110,135.725082,34.930363
157,久津川支店,京都府城陽市平川横道41-1,8:00,21:00,8:00,21:00,8:00,21:00,110,135.776718,34.864532
158,イズミヤ大久保店,京都府城陽市平川室木85番地,10:00,21:00,10:00,21:00,10:00,21:00,110,135.776688,34.867546
159,久津川駅前,京都府城陽市平川指月58番地の2,8:00,20:00,8:00,20:00,8:00,20:00,110,135.772949,34.864414
160,大住支店,京都府京田辺市大住ケ丘4-2-8,8:00,21:00,8:00,21:00,8:00,21:00,110,135.744293,34.829769
161,伊勢田支店,京都府宇治市羽拍子町84-14,8:00,21:00,8:00,21:00,8:00,21:00,110,135.78067,34.883732
162,宇治南陵町,京都府宇治市神明石塚54番地の18,8:45,20:00,8:45,20:00,8:45,20:00,110,135.784348,34.883854
163,マツヤスーパー伊勢田店,京都府宇治市伊勢田町中ノ田55-3,8:30,21:45,8:30,21:45,8:30,21:45,110,135.769821,34.886761
164,精華町支店,京都府相楽郡精華町祝園西1-32-4,8:00,21:00,8:00,21:00,8:00,21:00,110,135.788864,34.759823
165,アピタタウンけいはんな,京都府相楽郡精華町精華台9丁目2-4,9:00,21:00,9:00,21:00,9:00,21:00,110,135.770935,34.745991
166,アル・プラザ木津,京都府木津川市相楽城西15番地,10:00,21:00,10:00,21:00,10:00,21:00,110,135.792496,34.738533
167,木幡支店,京都府宇治市木幡内畑3-1,8:00,21:00,8:00,21:00,8:00,21:00,110,135.79686,34.924999
168,黄檗,京都府宇治市五ケ庄西浦40番地72,8:00,21:00,8:00,21:00,8:00,21:00,110,135.803192,34.915092
169,洛南病院,京都府宇治市五ケ庄広岡谷 2番地,8:45,18:00,8:45,18:00,-,-,110,135.808319,34.917313
170,男山支店,京都府八幡市男山八望3-1,8:00,21:00,8:00,21:00,8:00,21:00,110,135.697525,34.862717
171,男山団地南,京都府八幡市男山松里１３-１,8:00,20:00,8:00,20:00,8:00,20:00,110,135.697815,34.855625
172,長沢,京都府八幡市男山長沢7番地,9:00,21:00,9:00,21:00,9:00,21:00,110,135.692245,34.868504
173,富野荘支店,京都府城陽市枇杷庄鹿背田68,8:00,21:00,8:00,21:00,8:00,21:00,110,135.773529,34.840096
174,アル・プラザ城陽,京都府城陽市富野荒見田 112番地,10:00,21:00,10:00,21:00,10:00,21:00,110,135.785339,34.843407
175,六地蔵支店,京都府宇治市六地蔵奈良町39番地の22,7:00,23:00,7:00,23:00,7:00,23:00,110,135.79747,34.934082
176,アル・プラザ醍醐,京都府京都市伏見区醍醐高畑町1-37,10:00,21:00,10:00,21:00,10:00,21:00,110,135.810547,34.951797
177,パセオ・ダイゴロー,京都府京都市伏見区醍醐高畑町30番地の1,7:30,21:00,7:30,21:00,7:30,21:00,110,135.808624,34.949467
178,MOMOテラス,京都府京都市伏見区桃山町山ノ下32番地,10:00,21:00,10:00,21:00,10:00,21:00,110,135.7948,34.937057
179,フレンドマート御蔵山店,京都府宇治市木幡平尾２７-１,9:00,21:00,9:00,21:00,9:00,21:00,110,135.812347,34.929436
180,久御山町支店,京都府久世郡久御山町佐山双栗49-1,8:00,21:00,8:00,21:00,8:00,21:00,110,135.756561,34.875214
181,久御山町役場,京都府久世郡久御山町大字田井小字浜代1-2番地,8:45,20:00,8:45,20:00,-,-,110,135.733566,34.88179
182,イオンモール久御山,京都府久世郡久御山町大字森小字南大内156-1,9:00,23:00,9:00,23:00,9:00,23:00,110,135.745865,34.893517
183,久御山佐山,京都府久世郡久御山町佐山西ノ口31-1,9:00,22:00,9:00,22:00,9:00,22:00,110,135.748566,34.874214
184,向日町支店,京都府向日市向日町北山12,8:00,21:00,8:00,21:00,8:00,21:00,110,135.69957,34.944515
185,乙訓総合庁舎,京都府向日市上植野町馬立 8番地,8:45,18:00,-,-,-,-,110,135.699173,34.939941
186,向日市役所,京都府向日市寺戸町中野20,8:00,21:00,8:00,21:00,8:00,21:00,110,135.697968,34.948475
187,長岡支店,京都府長岡京市開田3-2-39,8:00,21:00,8:00,21:00,8:00,21:00,110,135.694427,34.926178
188,イズミヤ長岡店,京都府長岡京市開田4丁目7番1号,8:00,20:00,8:00,20:00,8:00,20:00,110,135.691818,34.922436
189,ＪＲ長岡京駅,京都府長岡京市神足2丁目4-1,7:00,23:00,7:00,23:00,7:00,23:00,110,135.699844,34.921837
190,西友長岡店,京都府長岡京市長岡2丁目2番35号,8:00,21:00,8:00,21:00,8:00,21:00,110,135.689972,34.927185
191,コープながおか,京都府長岡京市友岡2丁目140番地,9:30,21:00,9:30,21:00,9:30,21:00,110,135.694,34.916912
192,円明寺団地,京都府乙訓郡大山崎町字円明寺小字若宮町10-62,8:45,20:00,8:45,20:00,8:45,20:00,110,135.685974,34.910858
193,フレンドマート長岡京店,京都府長岡京市神足2丁目2-1,9:30,22:00,9:30,22:00,9:30,22:00,110,135.69902,34.922802
194,ＪＲ山崎駅前,京都府乙訓郡大山崎町西谷 3番地の3,7:00,23:00,7:00,23:00,7:00,23:00,110,135.688614,34.902779
195,大山崎町役場,京都府乙訓郡大山崎町字円明寺小字夏目3番地,8:00,20:00,8:00,20:00,-,-,110,135.688202,34.902229
196,宇治支店,京都府宇治市宇治妙楽160-1　,8:00,21:00,8:00,21:00,8:00,21:00,110,135.803268,34.891129
197,宇治市役所,京都府宇治市宇治琵琶33,7:00,21:00,7:00,21:00,7:00,21:00,110,135.799255,34.885136
198,宇治総合庁舎,京都府宇治市宇治若森 7番地の6,8:45,18:00,-,-,-,-,110,135.797638,34.887966
199,ＪＲ宇治駅前,京都府宇治市宇治妙楽 182番地の12,7:00,23:00,7:00,23:00,7:00,23:00,110,135.801971,34.890381
200,フレンドマート宇治店,京都府宇治市宇治樋ノ尻７９-１,9:30,21:00,9:30,21:00,9:30,21:00,110,135.793945,34.892296
201,宇治おうばく病院,京都府宇治市五ヶ庄三番割３２-１,9:00,18:00,9:00,18:00,9:00,18:00,110,135.808014,34.913933
202,八幡支店,京都府八幡市八幡沓田10-5（八幡中央支店内）,8:00,21:00,8:00,21:00,8:00,21:00,110,135.706665,34.874405
203,大久保支店,京都府宇治市広野町茶屋裏12-5,8:00,21:00,8:00,21:00,8:00,21:00,110,135.778702,34.872616
204,神明,京都府宇治市神明宮北22番地の7,8:45,20:00,8:45,20:00,8:45,20:00,110,135.787933,34.88052
205,木津支店,京都府木津川市木津駅前一丁目15番地,8:00,21:00,8:00,21:00,8:00,21:00,110,135.822968,34.735973
206,和束町,京都府相楽郡和束町大字南小字川口44番地,8:45,19:00,8:45,19:00,-,-,110,135.927017,34.789948
207,中村屋梅美台店,京都府木津川市梅美台8-1-5,8:30,22:00,8:30,22:00,8:30,22:00,110,135.840256,34.711555
208,サンフレッシュ加茂店,京都府木津川市加茂町里上須田32番地,8:00,21:00,8:00,21:00,8:00,21:00,110,135.867889,34.74847
209,ガーデンモール木津川,京都府木津川市州見台1-1-1,10:00,21:00,10:00,21:00,10:00,21:00,110,135.817764,34.720612
210,東向日町支店,京都府向日市寺戸町初田26-5,7:00,23:00,7:00,23:00,7:00,23:00,110,135.703827,34.952309
211,マツモト大原野店,京都府京都市西京区大原野上里南ノ町923-2,9:00,22:00,9:00,22:00,9:00,22:00,110,135.692047,34.949722
212,小倉支店,京都府宇治市小倉町神楽田6-3,8:00,21:00,8:00,21:00,8:00,21:00,110,135.782684,34.893921
213,小倉北,京都府宇治市小倉町神楽田４-３,7:00,23:00,7:00,23:00,7:00,23:00,110,135.78215,34.894737
214,田辺支店,京都府京田辺市田辺中央3-7-1,8:00,21:00,8:00,21:00,8:00,21:00,110,135.77002,34.81926
215,京田辺市役所,京都府京田辺市田辺80番地,9:00,17:30,-,-,-,-,110,135.767929,34.814487
216,同志社大学田辺,京都府京田辺市多々羅都谷 1番地の3,8:45,18:00,8:45,18:00,-,-,110,135.770508,34.801334
217,アル・プラザ京田辺,京都府京田辺市田辺明田60番地,10:00,21:00,10:00,21:00,10:00,21:00,110,135.767975,34.822578
218,新田辺駅,京都府京田辺市河原食田2番地の３,7:00,23:00,7:00,23:00,7:00,23:00,110,135.772705,34.82114
219,城陽支店,京都府城陽市寺田袋尻21-2,8:00,21:00,8:00,21:00,8:00,21:00,110,135.780624,34.852364
220,城陽市役所,京都府城陽市寺田東ノ口17番地83,8:45,20:00,8:45,20:00,8:45,20:00,110,135.779709,34.851093
221,城陽友ケ丘,京都府城陽市寺田深谷64番地280,8:00,20:00,8:00,20:00,8:00,20:00,110,135.788483,34.859676
222,城陽駅前,京都府城陽市寺田水度坂15番地169,8:00,20:00,8:00,20:00,8:00,20:00,110,135.781464,34.854118
223,京都きづ川病院,京都府城陽市平川西六反26番地の1,8:45,20:00,8:45,20:00,-,-,110,135.761429,34.865566
224,城陽青谷,京都府城陽市市辺五島88番地の6,8:45,20:00,8:45,20:00,8:45,20:00,110,135.800354,34.828098
225,寺田駅前出張所,京都府城陽市寺田西ノ口7-4,8:00,21:00,8:00,21:00,8:00,21:00,110,135.772629,34.854225
226,亀岡支店,京都府亀岡市追分町八ノ坪43番地1,8:00,21:00,8:00,21:00,8:00,21:00,110,135.576889,35.016815
227,亀岡市役所,京都府亀岡市安町野々神 8番地,9:00,20:00,9:00,20:00,9:00,20:00,110,135.572983,35.013397
228,西友亀岡店,京都府亀岡市追分町馬場通15番地,8:00,21:00,8:00,21:00,8:00,21:00,110,135.579865,35.015629
229,イオン亀岡店,京都府亀岡市追分町大堀５番地の1,8:00,20:00,8:00,20:00,8:00,20:00,110,135.581833,35.015396
230,マツモト中央店,京都府亀岡市西堅町61番地の1,8:00,21:00,8:00,21:00,8:00,21:00,110,135.584256,35.007974
231,京都先端科学大学,京都府亀岡市曽我部町南条大谷1番地1,8:45,18:00,8:45,18:00,-,-,110,135.552917,34.994019
232,亀岡総合庁舎,京都府亀岡市荒塚町1丁目5番地,8:45,18:00,-,-,-,-,110,135.573486,35.009865
233,マツモト荒塚店,京都府亀岡市荒塚町鍛冶ケ嶋6,9:00,22:00,9:00,22:00,9:00,22:00,110,135.580399,35.013229
234,ＪＲ亀岡駅,京都府亀岡市追分町谷筋1-6,7:00,23:00,7:00,23:00,7:00,23:00,110,135.583221,35.016808
235,北桑支店,京都府京都市右京区京北周山町上寺田1-1,8:00,21:00,8:00,21:00,8:00,21:00,110,135.644836,35.152298
236,美山支店,京都府南丹市園部町美園町6-128（園部支店内）,8:00,21:00,8:00,21:00,8:00,21:00,110,135.472824,35.108784
237,美山,京都府南丹市美山町静原垣内7-13,8:00,21:00,8:00,21:00,8:00,21:00,110,135.557205,35.279022
238,八木支店,京都府南丹市八木町八木杉ノ前29,8:00,21:00,8:00,21:00,8:00,21:00,110,135.533691,35.070812
239,南丹病院,京都府南丹市八木町八木上野25番地,8:00,19:00,8:00,19:00,-,-,110,135.530441,35.071217
240,園部支店,京都府南丹市園部町美園町6-128,8:00,21:00,8:00,21:00,8:00,21:00,110,135.472824,35.108784
241,日吉町,京都府南丹市日吉町保野田市野6番地の9,8:00,21:00,8:00,21:00,8:00,21:00,110,135.487335,35.173378
242,園部総合庁舎,京都府南丹市園部町小山東町藤ノ木21番地,8:45,18:00,-,-,-,-,110,135.482285,35.104465
243,マツモト新そのべ店,京都府南丹市園部町上木崎町寺の下43番地,9:00,22:00,9:00,22:00,9:00,22:00,110,135.466843,35.114136
244,胡麻駅前,京都府南丹市日吉町胡麻的場1番地の2,8:00,19:00,8:00,19:00,-,-,110,135.484802,35.195015
245,須知支店,京都府船井郡京丹波町須知天神4-1,8:00,21:00,8:00,21:00,8:00,21:00,110,135.426224,35.156563
246,瑞穂,京都府船井郡京丹波町瑞穂橋爪桧山41番地の3,8:45,19:00,8:45,19:00,-,-,110,135.419312,35.169998
247,和知,京都府船井郡京丹波町和知本庄ウエ16番地,8:45,19:00,8:45,19:00,-,-,110,135.370911,35.184067
248,丹波マーケス,京都府船井郡京丹波町須知色紙田1,8:00,21:00,8:00,21:00,8:00,21:00,110,135.428421,35.1549
249,千代川支店,京都府亀岡市千代川町小川2-5-4,8:00,21:00,8:00,21:00,8:00,21:00,110,135.545807,35.047462
250,大井支店,京都府亀岡市大井町土田2-1-21,8:00,21:00,8:00,21:00,8:00,21:00,110,135.55162,35.033226
251,マツモト大井店,京都府亀岡市大井町土田2-15-8,9:00,22:00,9:00,22:00,9:00,22:00,110,135.553116,35.033073
252,東亀岡支店,京都府亀岡市篠町浄法寺中村16-1,8:00,21:00,8:00,21:00,8:00,21:00,110,135.589569,35.004639
253,マツモト馬堀店,京都府亀岡市篠町馬堀伊賀ノ辻8番地の2,9:00,21:00,9:00,21:00,9:00,21:00,110,135.601639,35.00563
254,南つつじケ丘,京都府亀岡市南つつじケ丘大葉台2丁目44番地の2,8:00,20:00,8:00,20:00,8:00,20:00,110,135.590042,34.991459
255,アル・プラザ亀岡,京都府亀岡市篠町野条上又11番地の1,10:00,21:00,10:00,21:00,10:00,21:00,110,135.60202,35.001572
256,福知山支店,京都府福知山市末広町1-21,8:00,21:00,8:00,21:00,8:00,21:00,110,135.118866,35.29887
257,福知山市役所,京都府福知山市字内記13番地の1,9:00,19:00,9:00,19:00,-,-,110,135.126312,35.296623
258,広小路,京都府福知山市字中ノ27番地,9:30,19:00,9:30,19:00,9:30,19:00,110,135.124512,35.301186
259,三ツ丸ストアー東店,京都府福知山市字堀2641番地,8:45,21:00,8:45,21:00,8:45,21:00,110,135.134064,35.294029
260,福知山東野パーク,京都府福知山市土東野町1117-594,8:00,23:00,8:00,23:00,8:00,23:00,110,135.167511,35.302143
261,福知山市民病院,京都府福知山市厚中町 231番地,8:45,19:00,8:45,19:00,8:45,19:00,110,135.111801,35.303772
262,イオン福知山店,京都府福知山市字岩井小字横倉79-8,9:00,21:00,9:00,21:00,9:00,21:00,110,135.101791,35.315361
263,三和町,京都府福知山市三和町千束515番地,8:45,19:00,8:45,19:00,-,-,110,135.232208,35.217781
264,プラント‐３福知山店,京都府福知山市字多保市小字手次114-13,9:00,21:30,9:00,21:30,9:00,21:30,110,135.183487,35.266933
265,バザールタウン福知山,京都府福知山市字堀小字上高田2155-1,9:00,23:00,9:00,23:00,9:00,23:00,110,135.132111,35.2799
266,フレスポ福知山,京都府福知山市字篠尾115-7,8:00,23:00,8:00,23:00,8:00,23:00,110,135.112381,35.298061
267,福知山市企業交流プラザ,京都府福知山市長田野町3-1-1,8:00,21:00,8:00,21:00,8:00,21:00,110,135.173691,35.284138
268,長田野出張所,京都府福知山市末広町1-21（福知山支店内）,8:00,21:00,8:00,21:00,8:00,21:00,110,135.118866,35.29887
269,綾部支店,京都府綾部市駅前通り21,8:00,21:00,8:00,21:00,8:00,21:00,110,135.252808,35.300934
270,西町アイタウン,京都府綾部市西町壱丁目 1番地の1,9:00,19:00,9:00,19:00,9:00,19:00,110,135.256607,35.298588
271,アスパ,京都府綾部市綾中町花ノ木30番地,9:00,21:30,9:00,21:30,9:00,21:30,110,135.257767,35.302269
272,日東精工前,京都府綾部市井倉町梅ケ畑20番地,8:45,19:00,8:45,19:00,-,-,110,135.2444,35.30381
273,綾部市立病院,京都府綾部市青野町大塚20番地の1,8:45,19:00,8:45,19:00,-,-,110,135.255661,35.306778
274,綾部市役所,京都府綾部市若竹町12番地の1,8:45,19:00,8:45,19:00,8:45,19:00,110,135.259811,35.298363
275,マツモトあやべ店,京都府綾部市宮代町宮ノ下16-2,9:00,21:00,9:00,21:00,9:00,21:00,110,135.245728,35.301445
276,福知山駅南支店,京都府福知山市駅南町1-291,8:00,21:00,8:00,21:00,8:00,21:00,110,135.1185,35.295773
277,東舞鶴支店,京都府舞鶴市大字浜小字浜630-1,8:00,21:00,8:00,21:00,8:00,21:00,110,135.393143,35.474709
278,舞鶴市役所,京都府舞鶴市字北吸1044番地,8:45,19:00,8:45,19:00,-,-,110,135.381454,35.476192
279,日本板硝子舞鶴,京都府舞鶴市大波下小字浜田255番地,8:45,19:00,8:45,19:00,-,-,110,135.40007,35.50169
280,らぽーる,京都府舞鶴市南浜町12番地 8号,10:00,20:00,10:00,20:00,10:00,20:00,110,135.394913,35.466022
281,西舞鶴支店,京都府舞鶴市字魚屋小字魚屋町65,8:00,21:00,8:00,21:00,8:00,21:00,110,135.32811,35.451618
282,舞鶴倉谷,京都府舞鶴市字倉谷小字浜田1598番,8:45,19:00,8:45,19:00,8:45,19:00,110,135.340088,35.444233
283,舞鶴西総合会館,京都府舞鶴市字南田辺1番地,8:45,19:00,8:45,19:00,-,-,110,135.33046,35.447472
284,さとうバザールタウン店,京都府舞鶴市伊佐津小字深田200-5,9:00,21:45,9:00,21:45,9:00,21:45,110,135.332672,35.438663
285,宮津支店,京都府宮津市字本町1010,8:00,21:00,8:00,21:00,8:00,21:00,110,135.194321,35.536316
286,ミップル,京都府宮津市字浜町3003番,9:00,21:30,9:00,21:30,9:00,21:30,110,135.193909,35.539089
287,グンゼ前,京都府宮津市波路2400番地の1,8:45,19:00,8:45,19:00,-,-,110,135.20166,35.535095
288,天橋立駅,京都府宮津市字文珠 314番地の2,8:45,19:00,8:45,19:00,8:45,19:00,110,135.18248,35.55711
289,宮津総合庁舎,京都府宮津市吉原2586番地の2,8:45,18:00,-,-,-,-,110,135.198242,35.532024
290,岩滝支店,京都府与謝郡与謝野町字岩滝2028,8:00,21:00,8:00,21:00,8:00,21:00,110,135.151184,35.564903
291,与謝の海病院,京都府与謝郡与謝野町字男山481番地,8:45,19:00,8:45,19:00,-,-,110,135.165894,35.570751
292,加悦谷支店,京都府与謝郡与謝野町字幾地904,8:00,21:00,8:00,21:00,8:00,21:00,110,135.090546,35.5345
293,加悦,京都府与謝郡与謝野町字加悦1060番地,8:45,19:00,8:45,19:00,-,-,110,135.09639,35.504887
294,峰山支店,京都府京丹後市峰山町呉服28,8:00,21:00,8:00,21:00,8:00,21:00,110,135.057602,35.625004
295,日進製作所,京都府京丹後市峰山町千歳22,8:45,19:00,8:45,19:00,-,-,110,135.056976,35.621513
296,マイン,京都府京丹後市峰山町新町小字草田1606番地の1,10:00,20:00,10:00,20:00,10:00,20:00,110,135.097641,35.612869
297,峰山総合庁舎,京都府京丹後市峰山町丹波小字中嶋855番地,8:45,18:00,-,-,-,-,110,135.074783,35.631886
298,口大野,京都府京丹後市大宮町口大野617-1,8:00,21:00,8:00,21:00,8:00,21:00,110,135.092148,35.583874
299,丹後大宮,京都府京丹後市大宮町周枳小字六反田2165-1番地,8:45,19:00,8:45,19:00,8:45,19:00,110,135.106033,35.588707
300,間人,京都府京丹後市丹後町間人小字向地2275,8:00,21:00,8:00,21:00,8:00,21:00,110,135.093994,35.729015
301,網野支店,京都府京丹後市網野町網野367「アミティ丹後（丹後地域地場産業振興センター）」1階,9:00,17:00,9:00,17:00,9:00,17:00,110,135.025803,35.681969
302,久美浜支店,京都府京丹後市久美浜町小字土居町3110-3,8:00,21:00,8:00,21:00,8:00,21:00,110,134.969315,35.56226
303,草津支店,滋賀県草津市西渋川1-21-18,8:00,21:00,8:00,21:00,8:00,21:00,110,135.958679,35.027008
304,くさつ平和堂,滋賀県草津市大路1丁目10番27号,8:00,21:00,8:00,21:00,8:00,21:00,110,135.962082,35.021358
305,瀬田支店,滋賀県大津市一里山1-2-6,8:00,21:00,8:00,21:00,8:00,21:00,110,135.924683,34.984444
306,アル・プラザ瀬田,滋賀県大津市月輪1丁目3番8号,8:00,21:00,8:00,21:00,8:00,21:00,110,135.92868,34.987038
307,フォレオ大津一里山,滋賀県大津市一里山7-1-1,10:00,21:00,10:00,21:00,10:00,21:00,110,135.93364,34.974094
308,栗東支店,滋賀県栗東市綣3-8-16,8:00,21:00,8:00,21:00,8:00,21:00,110,135.981369,35.035992
309,アル・プラザ栗東,滋賀県栗東市綣2丁目3番22号,10:00,21:00,10:00,21:00,10:00,21:00,110,135.981079,35.036999
310,西大津支店,滋賀県大津市皇子が丘2-10-25,8:00,21:00,8:00,21:00,8:00,21:00,110,135.857849,35.024281
311,平和堂坂本店,滋賀県大津市坂本7丁目24番1号,8:00,21:00,8:00,21:00,8:00,21:00,110,135.878571,35.073933
312,フレンドマート大津京店,滋賀県大津市柳川2丁目6番2号,9:00,21:00,9:00,21:00,9:00,21:00,110,135.862717,35.031696
313,彦根支店,滋賀県彦根市大東町5-1,8:00,21:00,8:00,21:00,8:00,21:00,110,136.261169,35.270008
314,カインズモール彦根,滋賀県彦根市馬場２丁目１-１,9:30,20:00,9:30,20:00,9:30,20:00,110,136.243561,35.277943
315,平和堂大藪店,滋賀県彦根市長曽根南町４２８,9:00,21:00,9:00,21:00,9:00,21:00,110,136.241608,35.263607
316,アル・プラザ長浜,滋賀県長浜市小堀町４５０,9:00,21:00,9:00,21:00,9:00,21:00,110,136.285843,35.383659
317,モンデクール長浜,滋賀県長浜市北船町1-15,9:00,21:00,9:00,21:00,9:00,21:00,110,136.266052,35.378445
318,堅田支店,滋賀県大津市本堅田4-15-1,8:00,21:00,8:00,21:00,8:00,21:00,110,135.916626,35.119453
319,フレンドマート雄琴駅前店,滋賀県大津市雄琴北2丁目2-10,9:30,21:30,9:30,21:30,9:30,21:30,110,135.892929,35.097549
320,平和堂あどがわ店,滋賀県高島市安曇川町西万木55,9:30,21:00,9:30,21:00,9:30,21:00,110,136.027954,35.327675
321,アル・プラザ堅田,滋賀県大津市本堅田5-20-10,10:00,21:00,10:00,21:00,10:00,21:00,110,135.915222,35.119877
322,近江八幡支店,滋賀県近江八幡市鷹飼町555-2,8:00,21:00,8:00,21:00,8:00,21:00,110,136.099915,35.124237
323,アル・プラザ近江八幡,滋賀県近江八幡市桜宮町202-1,10:00,21:00,10:00,21:00,10:00,21:00,110,136.095886,35.130356
324,フレンドマート八幡上田店,滋賀県近江八幡市上田町1285-1,9:30,21:00,9:30,21:00,9:30,21:00,110,136.110855,35.115707
325,フレンドマート能登川店,滋賀県東近江市垣見町1515番地,9:30,21:00,9:30,21:00,9:30,21:00,110,136.165161,35.180874
326,南草津支店,滋賀県草津市南草津2-3-13,8:00,21:00,8:00,21:00,8:00,21:00,110,135.943588,35.004513
327,イオンモール草津,滋賀県草津市新浜町300,10:00,22:00,10:00,22:00,10:00,22:00,110,135.912125,34.99818
328,フレンドマートグリーンヒル青山店,滋賀県大津市青山5-13-35,9:30,21:00,9:30,21:00,9:30,21:00,110,135.969635,34.977837
329,大津支店,滋賀県大津市におの浜3-4-58,8:00,21:00,8:00,21:00,8:00,21:00,110,135.88475,35.002628
330,Oh！Me大津テラス,滋賀県大津市打出浜14-30,9:30,21:00,9:30,21:00,9:30,21:00,110,135.879959,35.004417
331,石山支店,滋賀県大津市栄町2-2,8:00,21:00,8:00,21:00,8:00,21:00,110,135.900391,34.977104
332,マツヤスーパー大津美崎店,滋賀県大津市美崎町5,9:00,22:00,9:00,22:00,9:00,22:00,110,135.889969,34.982861
333,フレンドマート南郷店,滋賀県大津市南郷1-9-12,9:30,22:00,9:30,22:00,9:30,22:00,110,135.908157,34.94389
334,八日市支店,滋賀県東近江市八日市本町4-5,8:00,21:00,8:00,21:00,8:00,21:00,110,136.197495,35.113728
335,水口支店,滋賀県甲賀市水口町本綾野5-21,8:00,21:00,8:00,21:00,8:00,21:00,110,136.168213,34.976891
336,アル・プラザ水口,滋賀県甲賀市水口町綾野566番地の1,9:00,21:00,9:00,21:00,9:00,21:00,110,136.169571,34.974972
337,守山支店,滋賀県守山市勝部一丁目1-17,8:00,21:00,8:00,21:00,8:00,21:00,110,135.994598,35.050465
338,イオンタウン野洲,滋賀県野洲市乙窪長繰480-1,7:00,21:00,7:00,21:00,7:00,21:00,110,136.006729,35.102196
339,モリーブ,滋賀県守山市播磨田町185-1,9:00,21:00,9:00,21:00,9:00,21:00,110,135.995178,35.066067
340,平和堂守山店,滋賀県守山市梅田町5-6,8:00,21:00,8:00,21:00,8:00,21:00,110,135.993332,35.051987
341,長浜支店,滋賀県長浜市八幡東町441-5,8:00,21:00,8:00,21:00,8:00,21:00,110,136.278168,35.381004
342,大阪営業部,大阪府大阪市中央区高麗橋2-2-14 京都銀行ダイワロイネットホテルビル１階・２階,8:00,21:00,8:00,21:00,8:00,21:00,110,135.506439,34.689339
343,難波支店,大阪府大阪市中央区高麗橋2-2-14 京都銀行ダイワロイネットホテルビル１階・２階（大阪営業部内）,8:00,21:00,8:00,21:00,8:00,21:00,110,135.506439,34.689339
344,歌島橋支店,大阪府大阪市西淀川区千舟二丁目６番３４号,8:00,21:00,8:00,21:00,8:00,21:00,110,135.454407,34.711109
345,枚方支店,大阪府枚方市中宮本町2-15,8:00,21:00,8:00,21:00,8:00,21:00,110,135.660217,34.820065
346,京阪枚方市駅北,大阪府枚方市岡東町19-14,7:00,23:00,7:00,23:00,7:00,23:00,110,135.64856,34.815498
347,牧野支店,大阪府枚方市牧野阪二丁目6番1号,8:00,21:00,8:00,21:00,8:00,21:00,110,135.666168,34.844425
348,関西スーパー牧野店,大阪府枚方市東牧野町27番33号,8:30,22:00,8:30,22:00,8:30,22:00,110,135.67598,34.840019
349,高槻支店,大阪府高槻市芥川町1-8-30,8:00,21:00,8:00,21:00,8:00,21:00,110,135.61731,34.853043
350,北摂総合病院,大阪府高槻市北柳川町6-24号,8:45,20:00,8:45,20:00,-,-,110,135.592133,34.82663
351,フレンドマート高槻氷室店,大阪府高槻市氷室町12丁目26-15,9:30,21:00,9:30,21:00,9:30,21:00,110,135.5858,34.856297
352,イオン高槻店,大阪府高槻市萩之庄3-47-2,8:00,22:00,8:00,22:00,8:00,22:00,110,135.644958,34.859531
353,カインズモール高槻,大阪府高槻市大塚町１丁目９－３,9:00,22:00,9:00,22:00,9:00,22:00,110,135.633316,34.824654
354,山崎支店,大阪府三島郡島本町水無瀬1-16-11,8:00,21:00,8:00,21:00,8:00,21:00,110,135.668228,34.878563
355,フレスコ上牧店,大阪府高槻市神内2-13-40,8:00,23:00,8:00,23:00,8:00,23:00,110,135.659943,34.872314
356,寝屋川支店,大阪府寝屋川市早子町14-15,8:00,21:00,8:00,21:00,8:00,21:00,110,135.622589,34.764488
357,イオンモール四條畷,大阪府四條畷市砂４丁目３番２号,9:00,23:00,9:00,23:00,9:00,23:00,110,135.631226,34.744938
358,高槻南支店,大阪府高槻市牧田町7-52,8:00,21:00,8:00,21:00,8:00,21:00,110,135.603683,34.821507
359,くずは支店,大阪府枚方市楠葉並木二丁目2番7号,8:00,21:00,8:00,21:00,8:00,21:00,110,135.679077,34.860008
360,くずはモール,大阪府枚方市樟葉花園町15番1号,9:00,21:00,9:00,21:00,9:00,21:00,110,135.650833,34.814445
361,京阪樟葉駅,大阪府枚方市楠葉花園町14番1号,7:00,23:00,7:00,23:00,7:00,23:00,110,135.67421,34.860241
362,マツモトくずは北店,大阪府枚方市樟葉中之芝2-22-1,9:00,22:00,9:00,22:00,9:00,22:00,110,135.650833,34.814445
363,津田支店,大阪府枚方市津田西町2-33-12,8:00,21:00,8:00,21:00,8:00,21:00,110,135.699417,34.806931
364,門真支店,大阪府門真市柳町10-29,8:00,21:00,8:00,21:00,8:00,21:00,110,135.587906,34.736843
365,茨木支店,大阪府茨木市西駅前町5番1号,8:00,21:00,8:00,21:00,8:00,21:00,110,135.561218,34.815948
366,東大阪支店,大阪府東大阪市長栄寺3-1,8:00,21:00,8:00,21:00,8:00,21:00,110,135.570328,34.664482
367,八尾支店,大阪府八尾市光町1-48,8:00,21:00,8:00,21:00,8:00,21:00,110,135.604156,34.631371
368,鴻池新田支店,大阪府東大阪市西鴻池町2-4-5,8:00,21:00,8:00,21:00,8:00,21:00,110,135.597748,34.697441
369,千里中央支店,大阪府豊中市新千里西町1-1-10,8:00,21:00,8:00,21:00,8:00,21:00,110,135.491287,34.808006
370,堺支店,大阪府堺市堺区熊野町西1-2-1,8:00,21:00,8:00,21:00,8:00,21:00,110,135.473587,34.57935
371,豊中支店,大阪府豊中市本町1-6-4,8:00,21:00,8:00,21:00,8:00,21:00,110,135.463959,34.787163
372,吹田支店,大阪府吹田市高城町1-5,8:00,21:00,8:00,21:00,8:00,21:00,110,135.528,34.761959
373,新石切支店,大阪府東大阪市西石切町3-1-3,8:00,21:00,8:00,21:00,8:00,21:00,110,135.642548,34.682049
374,交野支店,大阪府交野市私部西1-31-4,8:00,21:00,8:00,21:00,8:00,21:00,110,135.674026,34.787556
375,摂津支店,大阪府摂津市南千里丘5-25-101号,8:00,21:00,8:00,21:00,8:00,21:00,110,135.554276,34.785622
376,ららぽーとＥＸＰＯＣＩＴＹ,大阪府吹田市千里万博公園２番１号,10:00,21:00,10:00,21:00,10:00,21:00,110,135.53392,34.805485
377,大日支店,大阪府守口市大日町3-4-40,8:00,21:00,8:00,21:00,8:00,21:00,110,135.580444,34.751389
378,池田支店,大阪府池田市呉服町3-17　クレアシティ池田呉服町1階・２階,8:00,21:00,8:00,21:00,8:00,21:00,110,135.4245,34.820221
379,堺北花田支店,大阪府堺市北区宮本町4-1,8:00,21:00,8:00,21:00,8:00,21:00,110,135.514526,34.581951
380,高槻城北支店,大阪府高槻市城北町2-14-20,8:00,21:00,8:00,21:00,8:00,21:00,110,135.62233,34.848083
381,高の原支店,奈良県奈良市右京1-5-3,8:00,21:00,8:00,21:00,8:00,21:00,110,135.7892,34.7239
382,イオンモール高の原,京都府木津川市相楽台1丁目1番1,9:00,21:00,9:00,21:00,9:00,21:00,110,135.790634,34.725586
383,奈良支店,奈良県奈良市三条本町3-13,8:00,21:00,8:00,21:00,8:00,21:00,110,135.819824,34.678589
384,登美ヶ丘支店,奈良県奈良市右京1-5-3（高の原支店内）,8:00,21:00,8:00,21:00,8:00,21:00,110,135.7892,34.7239
385,橿原支店,奈良県橿原市八木町1-5-25,8:00,21:00,8:00,21:00,8:00,21:00,110,135.793579,34.510052
386,大和郡山支店,奈良県大和郡山市柳1-20,8:00,21:00,8:00,21:00,8:00,21:00,110,135.783096,34.648392
387,生駒支店,奈良県生駒市谷田町878-1,8:00,21:00,8:00,21:00,8:00,21:00,110,135.699997,34.695435
388,王寺支店,奈良県北葛城郡王寺町王寺2-2-8,8:00,21:00,8:00,21:00,8:00,21:00,110,135.706253,34.595177
389,尼崎支店,兵庫県尼崎市東難波町5-17-21,8:00,21:00,8:00,21:00,8:00,21:00,110,135.415771,34.721424
390,川西支店,兵庫県川西市栄根2-6-32,8:00,21:00,8:00,21:00,8:00,21:00,110,135.411377,34.825603
391,六甲道支店,兵庫県神戸市灘区桜口町4-1-1-106,8:00,21:00,8:00,21:00,8:00,21:00,110,135.240311,34.712418
392,西宮支店,兵庫県西宮市和上町7-5,8:00,21:00,8:00,21:00,8:00,21:00,110,135.33728,34.737621
393,伊丹支店,兵庫県伊丹市伊丹2-1-8,8:00,21:00,8:00,21:00,8:00,21:00,110,135.41803,34.78067
394,ＪＲ尼崎駅前支店,兵庫県尼崎市浜3-1-4（尼崎北支店内）,8:00,21:00,8:00,21:00,8:00,21:00,110,135.435135,34.735184
395,尼崎北支店,兵庫県尼崎市浜3-1-4,8:00,21:00,8:00,21:00,8:00,21:00,110,135.435135,34.735184
396,北野田支店,大阪府堺市東区北野田34番地1,8:00,21:00,8:00,21:00,8:00,21:00,110,135.543533,34.524361
397,鳳支店,大阪府堺市西区鳳東町7丁835番地2,8:00,21:00,8:00,21:00,8:00,21:00,110,135.46431,34.532494
398,エキバンク 京阪山科駅,京都府京都市山科区安朱桟敷町25-1,6:00,24:00,6:00,24:00,6:00,24:00,110,135.817047,34.992611
399,エキバンク 京阪出町柳駅,京都府京都市左京区賀茂大橋東詰,6:00,24:00,6:00,24:00,6:00,24:00,110,135.770784,35.029086
400,エキバンク 京阪三条駅,京都府京都市東山区三条大橋東詰（京阪三条駅）,6:00,24:00,6:00,24:00,6:00,24:00,110,135.772303,35.009443
401,エキバンク 京阪祇園四条駅,京都府京都市東山区四条大橋東詰,6:00,24:00,6:00,24:00,6:00,24:00,110,135.776398,34.997093
402,エキバンク 京阪丹波橋駅,京都府京都市伏見区桃山町筒井伊賀15番地,6:00,24:00,6:00,24:00,6:00,24:00,110,135.765446,34.93891
403,エキバンク 京阪中書島駅,京都府京都市伏見区葭島矢倉町５９番地,6:00,24:00,6:00,24:00,6:00,24:00,110,135.760864,34.925419
404,エキバンク 京阪香里園駅,大阪府寝屋川市香里南之町19番１号,6:00,24:00,6:00,24:00,6:00,24:00,110,135.631271,34.785404
405,エキバンク 京阪寝屋川市駅,大阪府寝屋川市早子町16番１１号,6:00,24:00,6:00,24:00,6:00,24:00,110,135.620621,34.763626
406,エキバンク 京阪西三荘駅,大阪府門真市元町26番22号,6:00,24:00,6:00,24:00,6:00,24:00,110,135.575653,34.737522
407,エキバンク 京阪京橋駅,大阪府大阪市都島区東野田町２丁目１番３８号,6:00,24:00,6:00,24:00,6:00,24:00,110,135.533218,34.697414
408,エキバンク 京阪天満橋駅,大阪府大阪市中央区天満橋京町１番１号,6:00,24:00,6:00,24:00,6:00,24:00,110,135.51712,34.690426
409,エキバンク 京阪淀屋橋駅,大阪府大阪市中央区北浜３丁目１番２５号,6:00,24:00,6:00,24:00,6:00,24:00,110,135.50119,34.692673
